;referencia_formulario_1;PARA QUEM É O CURSO:;0;
;referencia_formulario_1;COMO NOS CONHECEU:;0;
;referencia_formulario_1;OBJETIVO DETALHADO:;0;
;referencia_formulario_1;CONHECIMENTO DO IDIOMA:;0;
;referencia_formulario_1;FORMA DE PGTO E PARCELAMENTO:;0;
;referencia_formulario_1;MOMENTO MÁGICO:;0;
;referencia_formulario_1;MELHOR PERIODO PARA CONTATO:;0;
;referencia_formulario_1;OUTRAS INFORMAÇÕES:;0;
;referencia_formulario_2;PARA QUEM É O CURSO:;0;
;referencia_formulario_2;NOTA NÍVEL IDIOMA:;0;
;referencia_formulario_2;NOTA IMPORTÂNCIA DO IDIOMA:;0;
;referencia_formulario_2;JUSTIFICATIVA DA IMPORTÂNCIA DO IDIOMA:;0;
;referencia_formulario_2;OBJETIVOS ASSINALADOS NA FICHA DE INTENÇÃO:;0;
;referencia_formulario_2;MOMENTO MÁGICO:;0;
;referencia_formulario_2;MELHOR PERIODO PARA CONTATO:;0;
;referencia_formulario_2;OUTRAS INFORMAÇÕES:;0;
;referencia_formulario_4; ;1;
;referencia_formulario_NA_1; ;1;
;referencia_formulario_NA_2; ;1;